round,config,n_states,sticky,scale_free,soft,trend_lookback,dd_derisk,universe,sel_sharpe,sel_max_dd,sel_daily_sr,conf_sharpe,conf_max_dd,full_sharpe,full_total_return,full_max_dd,full_ann_vol,full_daily_sr,profitable_folds,selected
1,no-regime trend=off nodd,,0.0,False,False,,False,switch,0.4619470878491715,-0.47906929495577955,0.029099931269509882,0.5230816788021735,-0.24013541683660602,0.49196110824803513,3.4727437387458435,-0.5514052146373567,0.16507806284774218,0.03099063683666733,14,False
1,no-regime trend=off dd,,0.0,False,False,,True,switch,0.5038592237869212,-0.3747496515459496,0.031740147664910325,0.49504302452883997,-0.24621463577602712,0.49942744197912037,2.695924078915375,-0.4935023671341596,0.1368217083194238,0.03146097165233077,13,False
1,no-regime trend=126 nodd,,0.0,False,False,126.0,False,switch,0.5245689437160057,-0.22306471794288477,0.03304473739477118,0.3316959552848747,-0.33253057459614255,0.42719372505798414,1.9318823973684687,-0.37416465557348594,0.13490292809327112,0.026910675194064947,13,False
1,no-regime trend=126 dd,,0.0,False,False,126.0,True,switch,0.5402980549974659,-0.2250596474585954,0.03403557827083794,0.32912141108470006,-0.279641839894331,0.43382234680605253,1.7304177698749434,-0.32630919196843655,0.12143896867795892,0.027328239115029306,12,False
1,no-regime trend=252 nodd,,0.0,False,False,252.0,False,switch,0.6364139280250865,-0.250697732647843,0.04009030915362234,0.44594786302508344,-0.29930382264268296,0.5410797388985381,3.263181294691109,-0.2993038226426838,0.13865763000666503,0.034084819728126034,12,False
1,no-regime trend=252 dd,,0.0,False,False,252.0,True,switch,0.6437650389799033,-0.18812058743325322,0.04055338561663396,0.46329062592945713,-0.30135286834416547,0.5519616294498068,2.881737223186435,-0.3013528683441677,0.12499981597245795,0.03477031439938509,12,False
1,k=4 sticky=0 raw hard trend=off nodd,4,0.0,False,False,,False,switch,0.6096003579573186,-0.47616920166836685,0.03840121300692903,0.3029998222947415,-0.23795335556116726,0.46221252722377504,2.6965898117380926,-0.5408607197583307,0.15293189487274075,0.029116652378399537,15,False
1,k=4 sticky=0 raw hard trend=off dd,4,0.0,False,False,,True,switch,0.6847125981384785,-0.3286676721767598,0.0431328393863648,0.2619794292000388,-0.23744913347639862,0.4771205824985675,2.2151176624076654,-0.398221918029499,0.12743896447517641,0.030055771587654427,12,False
1,k=4 sticky=0 raw hard trend=126 nodd,4,0.0,False,False,126.0,False,switch,0.6055362961589177,-0.31463904397102216,0.03814520117761078,0.27080160551467647,-0.2606502293054842,0.43888009798153677,1.897763970229331,-0.3440324110411465,0.1280513528201892,0.027646847491304926,13,False
1,k=4 sticky=0 raw hard trend=126 dd,4,0.0,False,False,126.0,True,switch,0.6110926224056488,-0.27672435923346655,0.03849521683122962,0.2651605385583271,-0.2340084093917743,0.43905955370171845,1.632553030197736,-0.3077437895276998,0.11434401856901993,0.02765815213908942,12,False
1,k=4 sticky=0 raw hard trend=252 nodd,4,0.0,False,False,252.0,False,switch,0.7067563250936207,-0.30071853633714096,0.044521463659991406,0.34392939364549696,-0.29949220985784164,0.5282085294726435,2.8544366427535013,-0.31864264633660916,0.13163445412584535,0.033274009746851095,14,False
1,k=4 sticky=0 raw hard trend=252 dd,4,0.0,False,False,252.0,True,switch,0.6948537455073904,-0.2369802344362618,0.04377167162319808,0.29554535056333875,-0.30404317626873956,0.49944433514225073,2.1017123233472557,-0.3040431762687413,0.11562655257933166,0.031462035821580775,12,False
1,k=4 sticky=0 raw soft trend=off nodd,4,0.0,False,True,,False,switch,0.608994226286096,-0.46334495808193243,0.03836303030064772,0.31127845305897733,-0.2353485237854227,0.46634894788910947,2.7101931850511853,-0.5403628809774629,0.15143214480415068,0.029377222387885805,15,False
1,k=4 sticky=0 raw soft trend=off dd,4,0.0,False,True,,True,switch,0.6907771202326896,-0.32607470086932305,0.04351486836926335,0.3355273771485654,-0.23348228109515043,0.5153927272280558,2.575419528413182,-0.4055605382614799,0.12720448455643238,0.03246669008992342,12,False
1,k=4 sticky=0 raw soft trend=126 nodd,4,0.0,False,True,126.0,False,switch,0.5985611898114196,-0.30980621279907183,0.037705810778474874,0.2736091117710093,-0.2714643860736209,0.43734064774371395,1.854169112867984,-0.34444882312286956,0.126470826449606,0.027549871241661153,12,False
1,k=4 sticky=0 raw soft trend=126 dd,4,0.0,False,True,126.0,True,switch,0.5980628602938484,-0.2801818275176163,0.03767441896955925,0.34262488475617475,-0.23895656484382458,0.47081665764639424,1.8318517042934999,-0.31232032614823196,0.11337337124859799,0.029658661648547524,11,False
1,k=4 sticky=0 raw soft trend=252 nodd,4,0.0,False,True,252.0,False,switch,0.7069097548690089,-0.281596993132303,0.04453112882735782,0.3393630828423445,-0.3192670150922106,0.526857892165658,2.797457294588434,-0.31926701509221167,0.1303755149787753,0.03318892759385753,13,False
1,k=4 sticky=0 raw soft trend=252 dd,4,0.0,False,True,252.0,True,switch,0.6972146855330341,-0.22915558009235557,0.04392039686529788,0.3431866637819225,-0.3170188523227304,0.5229481387271748,2.299181688320332,-0.31701885232273247,0.11577961855155817,0.03294263627752881,11,False
1,k=4 sticky=0 scalefree hard trend=off nodd,4,0.0,True,False,,False,switch,0.5239743805970342,-0.30784703250679657,0.03300728343878238,0.27690368551187533,-0.29787345139951654,0.406064320580277,1.920142996284738,-0.4489855239996771,0.14495270656227524,0.025579647822662383,14,False
1,k=4 sticky=0 scalefree hard trend=off dd,4,0.0,True,False,,True,switch,0.5264720872986776,-0.24837085205116288,0.033164624171652085,0.3049392742996171,-0.27509369452643945,0.41737170242626676,1.5705316808587604,-0.42031066557641833,0.1190351002389389,0.02629194592608465,13,False
1,k=4 sticky=0 scalefree hard trend=126 nodd,4,0.0,True,False,126.0,False,switch,0.3147426570441782,-0.25541391410021924,0.01982692375053779,0.2101178501589485,-0.30689862892815406,0.26299685662317374,0.7288726603338629,-0.3996716183978677,0.12257575138832161,0.016567244719443524,12,False
1,k=4 sticky=0 scalefree hard trend=126 dd,4,0.0,True,False,126.0,True,switch,0.2843139655465251,-0.27865969129122764,0.017910096359492658,0.3113924091808839,-0.22315709389346844,0.29792170676559293,0.790927990341898,-0.34814559111328885,0.10774477299611128,0.01876730348261114,12,False
1,k=4 sticky=0 scalefree hard trend=252 nodd,4,0.0,True,False,252.0,False,switch,0.42242390036386795,-0.2704302648427503,0.026610204481255277,0.3041521358230429,-0.2452053538326104,0.3644072164285033,1.3341421838843348,-0.2990787745818843,0.1271880269884392,0.02295549691969311,11,False
1,k=4 sticky=0 scalefree hard trend=252 dd,4,0.0,True,False,252.0,True,switch,0.4152968932572912,-0.2381737694174147,0.02616124523372689,0.353033648378695,-0.2668503715843408,0.38409723122764267,1.2072905256330095,-0.28365889831954094,0.10824864060399089,0.024195851264209874,11,False
1,k=4 sticky=0 scalefree soft trend=off nodd,4,0.0,True,True,,False,switch,0.4993838808879879,-0.30098128752518716,0.03145822756152184,0.262809213165314,-0.304353263434526,0.3867021959544576,1.7224796644692542,-0.458585279235393,0.1434959103207894,0.024359948617572912,14,False
1,k=4 sticky=0 scalefree soft trend=off dd,4,0.0,True,True,,True,switch,0.48960971677419834,-0.24344183709984268,0.030842513096792812,0.31705789695484843,-0.24478869778722087,0.40516158499528265,1.4692321195539004,-0.39186873384127097,0.11775326069965525,0.025522780826054206,12,False
1,k=4 sticky=0 scalefree soft trend=126 nodd,4,0.0,True,True,126.0,False,switch,0.3092506175175138,-0.2414967586647307,0.019480957779630867,0.21539889134584117,-0.2947332956413014,0.26290362171327125,0.7211642137297314,-0.3775946417131495,0.12122503867564254,0.016561371472178964,13,False
1,k=4 sticky=0 scalefree soft trend=126 dd,4,0.0,True,True,126.0,True,switch,0.30049011297945966,-0.2675117167854783,0.018929097866127436,0.3227197456354382,-0.2129011512662568,0.31169094772994094,0.8436375761573731,-0.3292009175701042,0.10688743451382006,0.01963468413341562,13,False
1,k=4 sticky=0 scalefree soft trend=252 nodd,4,0.0,True,True,252.0,False,switch,0.4053165064588274,-0.27222738201948266,0.025532539960941954,0.2907543535019875,-0.2507449063869736,0.3491418850444186,1.221202533837749,-0.3013489993876875,0.12586466103880115,0.021993871431043643,11,False
1,k=4 sticky=0 scalefree soft trend=252 dd,4,0.0,True,True,252.0,True,switch,0.3697674822392956,-0.23154611593838564,0.023293161926754024,0.32344854729879213,-0.2839409815504421,0.3465473881457412,1.0091203929353916,-0.28394098155044484,0.10752093125749974,0.02183043348887153,10,False
1,k=4 sticky=0.5 raw hard trend=off nodd,4,0.5,False,False,,False,switch,0.6608627721052353,-0.46032642873423957,0.04163044156502871,0.4636682959556712,-0.21377690694170265,0.5650472745767158,4.28448342040248,-0.5283524166730913,0.1538628155619235,0.03559463256011475,16,False
1,k=4 sticky=0.5 raw hard trend=off dd,4,0.5,False,False,,True,switch,0.7077675956519479,-0.3326914517099132,0.04458516771726605,0.3820153786540398,-0.2044816462278713,0.545932128951179,2.9727833228739518,-0.38252261606718263,0.1292842676085551,0.03439049156963964,13,False
1,k=4 sticky=0.5 raw hard trend=126 nodd,4,0.5,False,False,126.0,False,switch,0.6622726087045745,-0.3159328899687798,0.04171925292291177,0.3047795576875455,-0.2633889692925295,0.48318327996923544,2.291692520131144,-0.347441546065555,0.1282555964123826,0.03043768563007366,14,False
1,k=4 sticky=0.5 raw hard trend=126 dd,4,0.5,False,False,126.0,True,switch,0.6289917507734648,-0.29787047161607233,0.0396227559347073,0.3442801528877638,-0.24773047320227337,0.48437368575926615,1.99226486242571,-0.33021109656474223,0.11594818450018873,0.03051267414625634,11,False
1,k=4 sticky=0.5 raw hard trend=252 nodd,4,0.5,False,False,252.0,False,switch,0.7715213817396963,-0.2778343115726769,0.04860127874409919,0.3280831246490581,-0.3316140875050459,0.5525875720085479,3.1494435292207354,-0.3316140875050468,0.13190813674514604,0.03480974507427653,14,False
1,k=4 sticky=0.5 raw hard trend=252 dd,4,0.5,False,False,252.0,True,switch,0.7365040234187351,-0.22875208826690666,0.046395392513439625,0.25080252636067124,-0.32306742617639395,0.4975630751650472,2.1005091383871615,-0.32306742617639495,0.11615231263126777,0.03134352758226793,13,False
1,k=4 sticky=0.5 raw soft trend=off nodd,4,0.5,False,True,,False,switch,0.6370783807548878,-0.4510810088968987,0.04013216574126549,0.4602221675315257,-0.21422208233716747,0.5513077627012987,3.982564989675031,-0.5281631401569887,0.15249994388972632,0.03472912466588207,16,False
1,k=4 sticky=0.5 raw soft trend=off dd,4,0.5,False,True,,True,switch,0.7080743646684245,-0.31550093819554803,0.04460449234887408,0.4245988732677641,-0.21553084949234072,0.5671974134268013,3.1746617215044655,-0.37140777562654426,0.1281018251436685,0.03573007857634296,12,False
1,k=4 sticky=0.5 raw soft trend=126 nodd,4,0.5,False,True,126.0,False,switch,0.6321301294790295,-0.3023983973049998,0.039820455210299324,0.29795373181285206,-0.27125218523288025,0.46539970158888416,2.099972223405895,-0.33880502723335953,0.12698660438069734,0.0293174254916157,14,False
1,k=4 sticky=0.5 raw soft trend=126 dd,4,0.5,False,True,126.0,True,switch,0.6221716901629639,-0.2717351336324095,0.03919313249895081,0.34093211319235744,-0.24791321420842757,0.48027119481192965,1.9318645251098894,-0.30594490822799403,0.11471749670694048,0.03025424150810048,12,False
1,k=4 sticky=0.5 raw soft trend=252 nodd,4,0.5,False,True,252.0,False,switch,0.7336495867261493,-0.2784106348233781,0.046215579903397724,0.35866375150178137,-0.3164700598173653,0.549192575815312,3.0564138545376034,-0.3164700598173657,0.13052397100599883,0.03459588041643574,14,False
1,k=4 sticky=0.5 raw soft trend=252 dd,4,0.5,False,True,252.0,True,switch,0.7137749890217331,-0.2282285658744891,0.04496359792879438,0.3334711326481666,-0.3127001141346115,0.525938738530478,2.320975276491574,-0.3127001141346103,0.11565736580484756,0.03313102635730164,13,False
1,k=4 sticky=0.5 scalefree hard trend=off nodd,4,0.5,True,False,,False,switch,0.37102470340810967,-0.37411450020687015,0.023372359416175166,0.3269832498034129,-0.28012113565196317,0.3493443036529611,1.445405181153705,-0.5317072811303367,0.146138639497607,0.022006622604827816,11,False
1,k=4 sticky=0.5 scalefree hard trend=off dd,4,0.5,True,False,,True,switch,0.3634690848639076,-0.3510846641597568,0.022896400185955488,0.4010182293521848,-0.22743634150813735,0.3818684860488282,1.3816365299736644,-0.46502996897628596,0.1220609119692547,0.024055453514712798,12,False
1,k=4 sticky=0.5 scalefree hard trend=126 nodd,4,0.5,True,False,126.0,False,switch,0.3635116657037385,-0.22659132886703845,0.02289908252673665,0.2989564261337498,-0.2843654017468436,0.3315288591209958,1.091410710985392,-0.3304244380306926,0.12344554640369865,0.020884355087502915,12,False
1,k=4 sticky=0.5 scalefree hard trend=126 dd,4,0.5,True,False,126.0,True,switch,0.3039212596924112,-0.22947383717002487,0.019145239792657115,0.3219675542516617,-0.25799834436980124,0.3129449757291743,0.8784266358782378,-0.3362654332537989,0.11042311534597546,0.01971368047206046,12,False
1,k=4 sticky=0.5 scalefree hard trend=252 nodd,4,0.5,True,False,252.0,False,switch,0.42678689271037284,-0.26278151880918565,0.026885047165086943,0.35593964833933167,-0.28023193267546814,0.391907149159554,1.5336444598124448,-0.28023193267546687,0.12794208452518194,0.02468782985010657,10,False
1,k=4 sticky=0.5 scalefree hard trend=252 dd,4,0.5,True,False,252.0,True,switch,0.4131541448679143,-0.22295254344738658,0.02602626477276319,0.3717173810367888,-0.2800324064328189,0.39233121620445577,1.287338993767746,-0.2864603508952636,0.11082142874456959,0.024714543562964385,11,False
1,k=4 sticky=0.5 scalefree soft trend=off nodd,4,0.5,True,True,,False,switch,0.3774472358189218,-0.36534795249073226,0.02377694092918138,0.2648823305602034,-0.31005312090806963,0.32346570590720364,1.2388089639054352,-0.5508126984507141,0.14503021907175906,0.02037642417829565,13,False
1,k=4 sticky=0.5 scalefree soft trend=off dd,4,0.5,True,True,,True,switch,0.3350332998744393,-0.338345899572376,0.021105114104597474,0.41085737477057205,-0.2257492862210998,0.37149656351146365,1.2913804960380224,-0.4591249106789789,0.1201214876525767,0.023402083808724876,11,False
1,k=4 sticky=0.5 scalefree soft trend=126 nodd,4,0.5,True,True,126.0,False,switch,0.3637519313201076,-0.2259292319274024,0.022914217837915512,0.25358340954421765,-0.29669945930752356,0.3093135570642232,0.9592652651974651,-0.34220593979872616,0.12237304131344447,0.019484922598398107,12,False
1,k=4 sticky=0.5 scalefree soft trend=126 dd,4,0.5,True,True,126.0,True,switch,0.32511131481974986,-0.21304988465233826,0.020480087795863952,0.35379211696717344,-0.21430909845420176,0.3392142605625088,0.9859752823532184,-0.2927634183989451,0.10867156195693041,0.02136848987178722,12,False
1,k=4 sticky=0.5 scalefree soft trend=252 nodd,4,0.5,True,True,252.0,False,switch,0.438577494677964,-0.267264283533559,0.02762778527494397,0.3106713655038698,-0.27709728338834555,0.37585285467285706,1.4062859106974468,-0.2826111886813194,0.1268508018540016,0.023676504357573347,11,False
1,k=4 sticky=0.5 scalefree soft trend=252 dd,4,0.5,True,True,252.0,True,switch,0.3879777252024989,-0.2312966967176008,0.02444029940758021,0.36779196597688085,-0.29326234455959166,0.3778816475271485,1.1874579296453138,-0.2932623445595914,0.10924970494113323,0.023804306294576204,10,False
1,k=bic sticky=0 raw hard trend=off nodd,bic,0.0,False,False,,False,switch,0.6225090332202596,-0.41359452476344266,0.03921438311409649,0.50969903504759,-0.28078524787790615,0.5671919199832715,4.380685022612616,-0.553670664937147,0.15504058393158954,0.03572973252192816,16,False
1,k=bic sticky=0 raw hard trend=off dd,bic,0.0,False,False,,True,switch,0.6311751020396925,-0.33693128241641673,0.03976029413649627,0.5668015052014324,-0.22518983266029036,0.5989484243410406,3.6876625884383127,-0.4516912776665566,0.13055972708107078,0.0377302042609614,14,False
1,k=bic sticky=0 raw hard trend=126 nodd,bic,0.0,False,False,126.0,False,switch,0.6427058669634674,-0.22594304527284084,0.04048666405113091,0.29382414170322424,-0.30662057493267453,0.46781261653354206,2.170189246472839,-0.32199582674979077,0.12907325872558587,0.02946942484586132,12,False
1,k=bic sticky=0 raw hard trend=126 dd,bic,0.0,False,False,126.0,True,switch,0.6399033948769648,-0.20691742590703344,0.04031012490358123,0.34149164651360203,-0.27508988025943343,0.4890296940074416,2.040558435741609,-0.28871771161425575,0.11640729865214577,0.03080597509689772,13,False
1,k=bic sticky=0 raw hard trend=252 nodd,bic,0.0,False,False,252.0,False,switch,0.7357716587653464,-0.2943515133765488,0.04634925787672819,0.3408940890914506,-0.3298118175774649,0.540540312991233,3.0568653657985188,-0.37284806956434713,0.13331447856131975,0.034050839089995684,14,False
1,k=bic sticky=0 raw hard trend=252 dd,bic,0.0,False,False,252.0,True,switch,0.7212988262469513,-0.23262555455231548,0.04543755512410051,0.4056084402058354,-0.2763181074712456,0.5638932960681785,2.726521524067831,-0.30975285670538144,0.11744459386036614,0.0355219387469742,13,False
1,k=bic sticky=0 raw soft trend=off nodd,bic,0.0,False,True,,False,switch,0.614336957318953,-0.42321475584012963,0.03869959072052503,0.5149880206007627,-0.2748733651161691,0.5656049387180571,4.301277826785068,-0.5602245328536615,0.15400991191408164,0.035629762098997785,16,False
1,k=bic sticky=0 raw soft trend=off dd,bic,0.0,False,True,,True,switch,0.6348134187279457,-0.3362609688700907,0.039989486544782314,0.5579056512837817,-0.21422985678665424,0.5964017078224438,3.6139099847990117,-0.450321021298825,0.12973921581246792,0.03756977619981885,15,False
1,k=bic sticky=0 raw soft trend=126 nodd,bic,0.0,False,True,126.0,False,switch,0.629302070603064,-0.21869169038418454,0.039642304246517095,0.3060799283095358,-0.30012302916276756,0.4673825203118465,2.1447883450154444,-0.3335702426397199,0.12816730695980874,0.02944233133056525,12,False
1,k=bic sticky=0 raw soft trend=126 dd,bic,0.0,False,True,126.0,True,switch,0.6230264063401196,-0.21055348985963618,0.039246974557195995,0.366475168494969,-0.2607647229464811,0.49446624428683955,2.0524016270368852,-0.28876089455544707,0.11519677660163004,0.03114844557378785,13,False
1,k=bic sticky=0 raw soft trend=252 nodd,bic,0.0,False,True,252.0,False,switch,0.7169854647890771,-0.2959836537058129,0.04516583889237989,0.34825471637130223,-0.29771719289781584,0.5348545539462242,2.9615652929492438,-0.35618126122357946,0.13253493465244948,0.03369266993647832,14,False
1,k=bic sticky=0 raw soft trend=252 dd,bic,0.0,False,True,252.0,True,switch,0.7058324651333053,-0.23295840635140186,0.044463265952818916,0.3975019646592222,-0.23994100725478554,0.5526919266677315,2.6056213420492242,-0.2838347299705046,0.11705034353213431,0.03481631879990393,12,False
1,k=bic sticky=0 scalefree hard trend=off nodd,bic,0.0,True,False,,False,switch,0.615112715956843,-0.3225860257305748,0.038748458921317105,0.6902161796160381,-0.22305448368217168,0.6511050836772851,5.5144934404085655,-0.34020925002982744,0.14622467076952275,0.04101576497095231,18,False
1,k=bic sticky=0 scalefree hard trend=off dd,bic,0.0,True,False,,True,switch,0.5246566227847629,-0.2753229948483091,0.03305026065694064,0.7495153188940279,-0.2203520496754669,0.640258618565301,3.9719342893225678,-0.29674247749602434,0.12520499513016958,0.0403325018926083,16,False
1,k=bic sticky=0 scalefree hard trend=126 nodd,bic,0.0,True,False,126.0,False,switch,0.4817153857638255,-0.21424659789538525,0.030345216986776814,0.5046068221419572,-0.2148170982783314,0.4929049724843572,2.217933836422737,-0.24053227208394182,0.12207158028396585,0.03105009469477962,11,False
1,k=bic sticky=0 scalefree hard trend=126 dd,bic,0.0,True,False,126.0,True,switch,0.4722786943702572,-0.2463971561412883,0.029750761305190023,0.40216110007294004,-0.20980789936083838,0.4367731234430157,1.5310428933132942,-0.2669604064094455,0.10967578737687791,0.027514120571122264,11,False
1,k=bic sticky=0 scalefree hard trend=252 nodd,bic,0.0,True,False,252.0,False,switch,0.5966945120743065,-0.264443697373782,0.03758822113394387,0.5993249834801256,-0.19178724247307785,0.5978438820827241,3.5206147992735044,-0.264443697373782,0.127390690039551,0.03766062463886456,15,False
1,k=bic sticky=0 scalefree hard trend=252 dd,bic,0.0,True,False,252.0,True,switch,0.5475570536635588,-0.2273562748469391,0.03449285220507202,0.5966126069345441,-0.2057215589606605,0.5728919690257867,2.647014334289953,-0.23167688621938745,0.1130071579758665,0.03608880186067499,13,False
1,k=bic sticky=0 scalefree soft trend=off nodd,bic,0.0,True,True,,False,switch,0.6125668394753992,-0.32822978438634315,0.03858808377754119,0.682768164294463,-0.19779925718999306,0.6461511585876747,5.308755468144861,-0.34953309552156037,0.1447818935946924,0.04070369702331535,17,False
1,k=bic sticky=0 scalefree soft trend=off dd,bic,0.0,True,True,,True,switch,0.5753958443389483,-0.26662636406349605,0.03624653117954499,0.7545322968487228,-0.19712153497956944,0.6671305052333721,4.296768603081144,-0.28872863864504444,0.12426186898704726,0.0420252716398185,16,False
1,k=bic sticky=0 scalefree soft trend=126 nodd,bic,0.0,True,True,126.0,False,switch,0.4914905153134828,-0.2189488066657201,0.03096099226824901,0.49347582567036313,-0.2198545589518129,0.49231840040564223,2.182191116959934,-0.23760707330971853,0.12090631706024987,0.031013144127010714,12,False
1,k=bic sticky=0 scalefree soft trend=126 dd,bic,0.0,True,True,126.0,True,switch,0.519207909722293,-0.24727643309614486,0.032707023996734814,0.4670462995686829,-0.2019543362348255,0.492613890877592,1.9119131108409104,-0.2645762504057722,0.110183971310524,0.03103175827709567,13,False
1,k=bic sticky=0 scalefree soft trend=252 nodd,bic,0.0,True,True,252.0,False,switch,0.6126355941650595,-0.26377022378210785,0.03859241491588192,0.5905262814995268,-0.18740677654198126,0.6015343159400562,3.5139668069077965,-0.26377022378210785,0.12626012168381837,0.037893100120208224,15,False
1,k=bic sticky=0 scalefree soft trend=252 dd,bic,0.0,True,True,252.0,True,switch,0.5513399752898068,-0.22523027228707032,0.03473115386822203,0.6062067145740165,-0.21481690972143133,0.5796669796287035,2.66514689056098,-0.23155042172575807,0.11184708762861863,0.03651558741270223,13,False
1,k=bic sticky=0.5 raw hard trend=off nodd,bic,0.5,False,False,,False,switch,0.5782231827733557,-0.43268790623564396,0.03642463675977491,0.38700142130962745,-0.23109083541607933,0.48597034461775834,3.007242521573013,-0.5124661485597295,0.1529438558899771,0.030613254200260596,15,False
1,k=bic sticky=0.5 raw hard trend=off dd,bic,0.5,False,False,,True,switch,0.5913020466121695,-0.33862656571535715,0.03724852773950769,0.41618076291635414,-0.20478151179656282,0.5054303888896996,2.5542325881425043,-0.4365615151444063,0.12986171386065443,0.031839121763257344,11,False
1,k=bic sticky=0.5 raw hard trend=126 nodd,bic,0.5,False,False,126.0,False,switch,0.6185755252756748,-0.19857973649882446,0.03896659540453772,0.2748157718287075,-0.26653140722579477,0.44897662018250734,1.9555537741198967,-0.2665314072257943,0.1267939057640703,0.02828286860679089,12,False
1,k=bic sticky=0.5 raw hard trend=126 dd,bic,0.5,False,False,126.0,True,switch,0.5951711871818982,-0.20785135316121425,0.037492260685580384,0.24892879339481994,-0.267791803332319,0.42284119324079483,1.534942842868019,-0.2677918033323221,0.11483578387880221,0.026636491461641636,11,False
1,k=bic sticky=0.5 raw hard trend=252 nodd,bic,0.5,False,False,252.0,False,switch,0.7159606923551008,-0.2833177163192963,0.04510128429688619,0.30455817110551825,-0.27348392598478083,0.5135887237851828,2.708373022987473,-0.2833177163192963,0.1321052084577093,0.032353048554824695,13,False
1,k=bic sticky=0.5 raw hard trend=252 dd,bic,0.5,False,False,252.0,True,switch,0.6097127453739527,-0.237241196937538,0.038408292748712526,0.3698974504804085,-0.24741201000565166,0.4900261460152725,2.0814228009386078,-0.24741201000565138,0.11774380661282594,0.030868745673234183,11,False
1,k=bic sticky=0.5 raw soft trend=off nodd,bic,0.5,False,True,,False,switch,0.5551476503021173,-0.43054491303705034,0.034971014848125086,0.4107168934110839,-0.23101237994979265,0.4854070801675574,2.9599791923959513,-0.513338126488199,0.15158830110588467,0.030577771875079755,16,False
1,k=bic sticky=0.5 raw soft trend=off dd,bic,0.5,False,True,,True,switch,0.5144010003352424,-0.3359235735229503,0.03240421716785487,0.4110558328494267,-0.20620204461842673,0.4635672863703512,2.1143954384487986,-0.43137483189734066,0.12831372042561615,0.02920199418288122,12,False
1,k=bic sticky=0.5 raw soft trend=126 nodd,bic,0.5,False,True,126.0,False,switch,0.5943155452056874,-0.2016430228810053,0.037438360307476534,0.28516826445019144,-0.269616340399204,0.4418260951427189,1.8780333660891437,-0.2709990278222441,0.12586950168095073,0.02783242786872374,11,False
1,k=bic sticky=0.5 raw soft trend=126 dd,bic,0.5,False,True,126.0,True,switch,0.5882606961065205,-0.20768203038562122,0.037056940665990364,0.27667127344992876,-0.26122011998124467,0.43156074851015486,1.6000126378965551,-0.26122011998124556,0.11528159188302359,0.02718577181368472,11,False
1,k=bic sticky=0.5 raw soft trend=252 nodd,bic,0.5,False,True,252.0,False,switch,0.695980361071886,-0.2887578088803444,0.04384264173288451,0.342106061465759,-0.2427372440554953,0.5225097030150158,2.761368904103527,-0.2887578088803444,0.1307198703180246,0.03291501742371304,13,False
1,k=bic sticky=0.5 raw soft trend=252 dd,bic,0.5,False,True,252.0,True,switch,0.6029134598366241,-0.2375958178782386,0.03797997801955325,0.38311095487649277,-0.23828505636514585,0.4930619742842391,2.068258299515447,-0.2382850563651466,0.11628138592538889,0.031059984878538595,11,False
1,k=bic sticky=0.5 scalefree hard trend=off nodd,bic,0.5,True,False,,False,switch,0.6372031009753488,-0.3836949582742209,0.040140022376665516,0.6505739237773366,-0.21195509531286277,0.6433405822585659,5.22499877734699,-0.4112305038200789,0.14436904503805292,0.04052664735646804,15,False
1,k=bic sticky=0.5 scalefree hard trend=off dd,bic,0.5,True,False,,True,switch,0.6583305078571622,-0.2892300831380159,0.041470923911354866,0.6723809851206339,-0.19577721633122133,0.6655166570136635,4.302166659349852,-0.317976171633108,0.1247046699084188,0.041923608757838654,16,False
1,k=bic sticky=0.5 scalefree hard trend=126 nodd,bic,0.5,True,False,126.0,False,switch,0.5344585930097467,-0.2410008329200744,0.03366772674203033,0.4178611725634176,-0.22889043459765493,0.47564672437413846,2.0099412295167904,-0.25785817486732543,0.1194945100666195,0.02996292725277273,11,False
1,k=bic sticky=0.5 scalefree hard trend=126 dd,bic,0.5,True,False,126.0,True,switch,0.5211002406764181,-0.25622542977685386,0.03282622964204064,0.2845708941418442,-0.31967219637529193,0.4011764695509373,1.2767470729392842,-0.3196721963752907,0.1066760622372187,0.025271742149587047,9,False
1,k=bic sticky=0.5 scalefree hard trend=252 nodd,bic,0.5,True,False,252.0,False,switch,0.6958459345629867,-0.3394517724395561,0.04383417365878541,0.5726119308731561,-0.27940162753234693,0.6345364983989445,3.826082562168308,-0.3394517724395561,0.12397999970834642,0.039972042203746234,14,False
1,k=bic sticky=0.5 scalefree hard trend=252 dd,bic,0.5,True,False,252.0,True,switch,0.6541360549122653,-0.2588474013345758,0.04120669821187488,0.5774126673816463,-0.2677124332451878,0.6145917411491411,2.9160689958696864,-0.2677124332451891,0.1100056905142375,0.03871564059320975,13,False
1,k=bic sticky=0.5 scalefree soft trend=off nodd,bic,0.5,True,True,,False,switch,0.6184688891695711,-0.38883366480597464,0.038959877961263184,0.6453100853686441,-0.20458121706449398,0.6311177854572418,4.903611418345685,-0.42179726824880376,0.1430845311040039,0.03975668353118282,16,False
1,k=bic sticky=0.5 scalefree soft trend=off dd,bic,0.5,True,True,,True,switch,0.6292163794343869,-0.3011191419408932,0.039636906210282,0.6325239251344403,-0.19709764138476035,0.6308385751893343,3.66525644922924,-0.340777535874019,0.1218540013509141,0.039739094937554745,13,False
1,k=bic sticky=0.5 scalefree soft trend=126 nodd,bic,0.5,True,True,126.0,False,switch,0.5099992595002841,-0.2348965398977248,0.032126933558686836,0.4052599594442808,-0.23041203114913578,0.45725045666521386,1.8413640777685538,-0.25785507881212955,0.11831083038521972,0.02880407131444934,11,False
1,k=bic sticky=0.5 scalefree soft trend=126 dd,bic,0.5,True,True,126.0,True,switch,0.5263367901992457,-0.2621131599989335,0.03315610125550435,0.34718228885994984,-0.2783502624896516,0.43392577735641685,1.4359547980470482,-0.2912808416240778,0.10530328307640206,0.027334754627272893,9,False
1,k=bic sticky=0.5 scalefree soft trend=252 nodd,bic,0.5,True,True,252.0,False,switch,0.6945009698521342,-0.3274540846588117,0.04374944884575985,0.5539189895062211,-0.27900174233740205,0.6246449139272229,3.6326757538010215,-0.3274540846588117,0.12274690581504426,0.039348930951732815,14,False
1,k=bic sticky=0.5 scalefree soft trend=252 dd,bic,0.5,True,True,252.0,True,switch,0.6427038529241013,-0.2495177466516731,0.0404865371785763,0.5440877049615723,-0.2787245205963615,0.591448527405898,2.620998363801417,-0.27872452059636293,0.10795685377747918,0.037257755162175624,13,False
2,no-regime gold_only trend=252 nodd,,0.0,False,False,252.0,False,gold_only,0.8413369825038011,-0.21734067606651844,0.0529992482025371,0.5990099905938975,-0.28247949588094656,0.721296702994983,5.434438654121482,-0.2965535001294251,0.12768541367725222,0.04543742137179864,13,True
2,no-regime gold_only trend=252 dd,,0.0,False,False,252.0,True,gold_only,0.8199328167155447,-0.19492209010284928,0.05165091249547703,0.6671335218728995,-0.25706232738941787,0.7431976607122774,4.748960969462346,-0.28202491802735646,0.11501798683538424,0.046817052028801064,12,False
2,k=bic sticky=0 raw hard gold_core trend=252 nodd,bic,0.0,False,False,252.0,False,gold_core,0.7408966218820041,-0.29387031437016986,0.04667210020732473,0.4965105794166669,-0.2053773649448958,0.6223095684790667,3.934347400648914,-0.29387031437016986,0.12906241583867809,0.03920181801646501,13,False
2,k=bic sticky=0 raw hard gold_core trend=252 dd,bic,0.0,False,False,252.0,True,gold_core,0.7123964256958004,-0.23469726814266678,0.04487675660196171,0.5409810146186741,-0.20645942251753485,0.6264309832827585,3.3230235966856476,-0.26274196410765244,0.11616050571490152,0.03946144274551997,12,False
2,k=bic sticky=0 raw soft gold_core trend=252 nodd,bic,0.0,False,True,252.0,False,gold_core,0.7281335371139438,-0.29457455964313706,0.04586810143926939,0.49694204701159606,-0.2080049217298486,0.6160014754412272,3.8073906789981615,-0.30160174428177466,0.12832231766625088,0.03880444550634164,13,False
2,k=bic sticky=0 raw soft gold_core trend=252 dd,bic,0.0,False,True,252.0,True,gold_core,0.7144288316021143,-0.23543842343928179,0.04500478613984851,0.5418534710169887,-0.2262604629815624,0.6283908251275095,3.2647051952624953,-0.2754939797375901,0.11451892023201252,0.0395849011771921,12,False
2,k=bic sticky=0.5 raw hard gold_core trend=252 nodd,bic,0.5,False,False,252.0,False,gold_core,0.7561034197493234,-0.24605259964056267,0.047630038431004586,0.38291263203021925,-0.25495567414619336,0.5740081574497572,3.3515976755391135,-0.2669194036710666,0.13035994518972993,0.03615911512224917,12,False
2,k=bic sticky=0.5 raw hard gold_core trend=252 dd,bic,0.5,False,False,252.0,True,gold_core,0.685706947646452,-0.22588995398609035,0.043195477517659495,0.4005147689009189,-0.2745206509206805,0.5439037288202864,2.517458124049234,-0.2745206509206811,0.1168650884352115,0.03426271437188553,10,False
2,k=bic sticky=0.5 raw soft gold_core trend=252 nodd,bic,0.5,False,True,252.0,False,gold_core,0.75218073745074,-0.24883274583535153,0.04738293267304347,0.3805237667377651,-0.2550322481656065,0.5713149903568024,3.268638761432113,-0.2700382850568063,0.12918999856414282,0.035989461542080096,12,False
2,k=bic sticky=0.5 raw soft gold_core trend=252 dd,bic,0.5,False,True,252.0,True,gold_core,0.6254386203104736,-0.22482889399225628,0.03939892975421105,0.43890948967255694,-0.26852964372406446,0.5323781795904728,2.3527885039769725,-0.26852964372406385,0.11490765454209659,0.03353667301508746,11,False
2,k=bic sticky=0 raw hard gold_only trend=252 nodd,bic,0.0,False,False,252.0,False,gold_only,0.6929484872690114,-0.2153733076830294,0.043651651635528844,0.5490330938370998,-0.20537736494489522,0.6224247222937469,3.5262637960272896,-0.2900642932363529,0.12118639835291631,0.039209072024945106,14,False
2,k=bic sticky=0 raw hard gold_only trend=252 dd,bic,0.0,False,False,252.0,True,gold_only,0.6455398361097857,-0.1955791082158002,0.040665187326949674,0.5961184361247401,-0.19085724193721965,0.6207527219029464,2.974613904255659,-0.2700816514489433,0.10998687342917832,0.03910374590051508,13,False
2,k=bic sticky=0 raw soft gold_only trend=252 nodd,bic,0.0,False,True,252.0,False,gold_only,0.7003386979382826,-0.21530630476929283,0.04411719114903523,0.5667041005793492,-0.20537736494421913,0.63483470964366,3.6616519405797625,-0.28819138947197176,0.12084547508876667,0.039990827746405284,14,False
2,k=bic sticky=0 raw soft gold_only trend=252 dd,bic,0.0,False,True,252.0,True,gold_only,0.6722762423284264,-0.19531770826156308,0.04234942260804787,0.6188282931617058,-0.19330807421090476,0.6455507004719785,3.193368177603693,-0.2716566527006777,0.10940412889765655,0.040665871717438136,13,False
2,k=bic sticky=0.5 raw hard gold_only trend=252 nodd,bic,0.5,False,False,252.0,False,gold_only,0.6471527729740799,-0.21537330768303045,0.04076679279893469,0.46886716840605236,-0.22561569615727747,0.5598029884454544,2.8005185061318327,-0.23649760422914576,0.12052388408805484,0.03526427358612945,14,False
2,k=bic sticky=0.5 raw hard gold_only trend=252 dd,bic,0.5,False,False,252.0,True,gold_only,0.5434200457966579,-0.1927896288117149,0.03423224520536399,0.5353773759968897,-0.20526554476246195,0.5393650664226514,2.2097850691921246,-0.2575656707390027,0.10839931042742533,0.033976805515004045,13,False
2,k=bic sticky=0.5 raw soft gold_only trend=252 nodd,bic,0.5,False,True,252.0,False,gold_only,0.6279016860948584,-0.22147630917626132,0.03955408831440806,0.4855470944503962,-0.2257837820630755,0.5581952857037187,2.7554851827318863,-0.2336729995879567,0.11973841600313374,0.03516299783287351,14,False
2,k=bic sticky=0.5 raw soft gold_only trend=252 dd,bic,0.5,False,True,252.0,True,gold_only,0.514620035032293,-0.19730566293278903,0.032418015056828446,0.5376343520896284,-0.2112207388888209,0.5260995270470396,2.0726999950221776,-0.2588448881600874,0.10713174299752318,0.033141155081789664,13,False
